type	en	ru	example_en	example_ru	layer	topic	note	breakdown
collocation	elicit requirements	выявлять требования	We elicit requirements through workshops.	Мы выявляем требования через воркшопы.	analysis	babok	elicit, а не collect: требования не лежат готовыми, их вытягивают из людей. Ключевой термин BABOK. Формальное слово, в разговоре чаще gather.	elicit — выявить, вытянуть · requirements — требования
collocation	a functional requirement	функциональное требование	Each functional requirement needs a test.	Каждому функциональному требованию нужен тест.	analysis	babok	Что система ДЕЛАЕТ. Пара к non-functional. Единственное число здесь про одно конкретное требование из списка.	functional — функциональный · requirement — требование
collocation	a non-functional requirement	нефункциональное требование	Latency is a non-functional requirement.	Задержка это нефункциональное требование.	analysis	babok	КАКОЙ система должна быть: быстрой, надёжной, доступной. Приставка non- пишется через дефис. Сокращают до NFR.	non- — приставка отрицания · functional — функциональный · requirement — требование
collocation	acceptance criteria	критерии приёмки	The acceptance criteria are not testable yet.	Критерии приёмки пока непроверяемы.	analysis	babok	criteria — множественное от criterion. «A criteria» неверно, хотя встречается. Без артикля: набор условий, а не один.	acceptance — приёмка, от accept · criteria — критерии
collocation	a traceability matrix	матрица трассировки	The traceability matrix links tests to requirements.	Матрица трассировки связывает тесты с требованиями.	analysis	babok	Показывает, какое требование каким тестом покрыто. Traceability — три суффикса подряд: trace + able + ity.	traceability — прослеживаемость, от trace · matrix — матрица
collocation	trace a requirement to	протрассировать требование до	Trace every requirement to a business goal.	Протрассируй каждое требование до бизнес-цели.	analysis	babok	Предлог to задаёт цель прослеживания: до кода, до теста, до цели бизнеса. Без to оборот распадается.	trace — проследить · a requirement — требование · to — до чего
collocation	stakeholder analysis	анализ заинтересованных сторон	Stakeholder analysis comes before elicitation.	Анализ заинтересованных сторон идёт до выявления.	analysis	babok	analysis в единственном; множественное — analyses с [i:z] на конце. Без артикля: процесс, а не документ.	stakeholder — заинтересованная сторона · analysis — анализ
collocation	a business rule	бизнес-правило	This business rule changes every quarter.	Это бизнес-правило меняется каждый квартал.	analysis	babok	Правило предметной области, живущее вне кода: «скидка не больше 30%». Не техническое ограничение.	business — бизнес · rule — правило
collocation	gap analysis	анализ разрывов	Gap analysis shows what the system lacks.	Анализ разрывов показывает, чего системе не хватает.	analysis	babok	Сравнение «что есть» и «что нужно», разница и есть gap. Без артикля. Пара к as-is и to-be.	gap — разрыв, пробел · analysis — анализ
collocation	as-is process	процесс как есть	Document the as-is process before redesign.	Опиши процесс как есть до перепроектирования.	analysis	babok	as-is — застывшая форма с дефисами, работает как прилагательное. Текущее состояние без улучшений.	as-is — как есть · process — процесс
collocation	to-be process	целевой процесс	The to-be process removes two approvals.	Целевой процесс убирает два согласования.	analysis	babok	Пара к as-is, тоже через дефис. Целевое состояние. Оба оборота только перед существительным.	to-be — каким должен стать · process — процесс
collocation	a solution scope	границы решения	The solution scope excludes reporting.	Границы решения исключают отчётность.	analysis	babok	Тот же scope, что и в scope creep: что входит в решение, а что нет. Определяется до начала работ.	solution — решение · scope — границы, объём
collocation	a use case	сценарий использования	Write a use case for the refund flow.	Напиши сценарий использования для возврата.	analysis	babok	Сценарий взаимодействия пользователя с системой. Use здесь существительное, читается [ju:s] с глухой s, а не [ju:z].	use — использование · case — случай, сценарий
collocation	an edge case	краевой случай	This edge case breaks the nightly job.	Этот краевой случай ломает ночную задачу.	analysis	babok	Артикль an, потому что edge начинается с гласного звука. Граничное значение: ноль, максимум, пустая строка.	edge — край · case — случай
collocation	a happy path	основной сценарий	The happy path works, the errors do not.	Основной сценарий работает, ошибки нет.	analysis	babok	Сценарий, где всё идёт правильно и ничего не ломается. Основной, а не единственный: остальное — edge и corner cases.	happy — счастливый · path — путь
collocation	a corner case	редкое сочетание условий	One corner case appears only at midnight.	Один редкий случай возникает только в полночь.	analysis	babok	Сходятся сразу два края — редче, чем edge case. Метафора угла комнаты, где встречаются две стены.	corner — угол · case — случай
collocation	validate a requirement	проверить требование на ценность	We validate requirements against the goal.	Мы проверяем требования на соответствие цели.	analysis	ireb	Ловушка пары: validate спрашивает «то ли мы делаем», verify — «правильно ли делаем». Путать нельзя, это термины.	validate — подтвердить ценность · a requirement — требование
collocation	verify a requirement	проверить требование на корректность	Verify the requirement is unambiguous.	Проверь, что требование однозначно.	analysis	ireb	Вторая половина пары. Verify — соответствие форме и правилам, validate — соответствие цели. Оба переводятся «проверить».	verify — проверить корректность · a requirement — требование
collocation	an ambiguous requirement	неоднозначное требование	An ambiguous requirement produces two systems.	Неоднозначное требование порождает две системы.	analysis	ireb	От латинского «идти двумя путями»: требование можно понять двояко. Главный дефект формулировки.	ambiguous — двусмысленный, неоднозначный · requirement — требование
collocation	a testable requirement	проверяемое требование	A testable requirement names a number.	Проверяемое требование называет число.	analysis	ireb	Требование, для которого можно придумать тест. Если проверить нельзя — это пожелание, а не требование.	testable — проверяемый, test + able · requirement — требование
collocation	a conflicting requirement	противоречивое требование	Two conflicting requirements reached the sprint.	Два противоречивых требования дошли до спринта.	analysis	ireb	Причастие от conflict: требование конфликтует с другим. Выявляется на этапе анализа, не на этапе кода.	conflicting — противоречащий · requirement — требование
collocation	prioritise requirements	приоритизировать требования	We prioritise requirements with the sponsor.	Мы приоритизируем требования со спонсором.	analysis	ireb	Британское написание через -ise, американское — prioritize. Оба верны, но в одном документе надо держаться одного.	prioritise — расставить приоритеты · requirements — требования
collocation	a requirement baseline	базовая версия требований	The requirement baseline is frozen today.	Базовая версия требований заморожена сегодня.	analysis	ireb	baseline — согласованный срез, от которого считают изменения. Из инженерного «базовая линия отсчёта».	requirement — требование · baseline — базовая линия, зафиксированная версия
collocation	a change request	запрос на изменение	Every change request needs an impact analysis.	Каждый запрос на изменение требует анализа влияния.	analysis	ireb	Формальный запрос на правку зафиксированных требований. Сокращают до CR. Появляется только после baseline.	change — изменение · request — запрос
collocation	impact analysis	анализ влияния	Impact analysis takes two days here.	Анализ влияния тут занимает два дня.	analysis	ireb	Что сломается, если внести изменение. Impact сильнее, чем effect: удар, а не следствие.	impact — воздействие, последствия · analysis — анализ
collocation	a user story	пользовательская история	This user story is too big for one sprint.	Эта пользовательская история слишком велика для спринта.	analysis	agile	Требование от лица пользователя: «как X, я хочу Y, чтобы Z». Story, а не requirement — намеренно неформально.	user — пользователь · story — история
collocation	backlog refinement	груминг бэклога	Backlog refinement happens every Wednesday.	Груминг бэклога проходит каждую среду.	analysis	agile	Официальное название того, что зовут грумингом: термин grooming из Scrum убрали. Refine — «сделать тоньше, точнее».	backlog — очередь задач · refinement — уточнение, доработка
collocation	definition of done	определение готовности	Our definition of done includes documentation.	Наше определение готовности включает документацию.	analysis	agile	Список условий, при которых задача считается завершённой. Done как существительное — жаргон, но закрепился. Сокращают до DoD.	definition — определение · of done — готовности
collocation	definition of ready	определение готовности к работе	A story fails the definition of ready without criteria.	История не проходит определение готовности без критериев.	analysis	agile	Пара к definition of done, но про вход: когда задачу можно брать. Сокращают до DoR.	definition — определение · of ready — готовности к работе
collocation	a spike	исследовательская задача	We booked a spike to test the library.	Мы завели исследовательскую задачу на проверку библиотеки.	analysis	agile	Из Extreme Programming: короткая задача, чтобы снять неопределённость, а не сделать функциональность. Результат — знание, не код.	a — артикль · spike — шип, здесь исследовательская задача
collocation	story points	стори-поинты	This story is five story points.	Эта история на пять стори-поинтов.	analysis	agile	Относительная оценка сложности, не часы. Points во множественном всегда. Смысл — сравнение задач между собой.	story — история · points — очки, баллы
collocation	a sprint review	обзор спринта	The sprint review is on Friday at four.	Обзор спринта в пятницу в четыре.	analysis	agile	Демонстрация результата спринта заказчику. Не путать с retrospective: review про продукт, retro про процесс.	sprint — спринт · review — обзор
collocation	a retrospective	ретроспектива	The retrospective produced three actions.	Ретроспектива дала три действия.	analysis	agile	Здесь существительное, хотя по форме прилагательное: конверсия. Про то, как работала команда, а не что сделала.	retrospective — обращённый назад, от retro + spect
collocation	technical debt	технический долг	Technical debt slows every new feature.	Технический долг тормозит каждую новую функцию.	analysis	agile	Метафора долга: срезал угол сейчас — платишь процентами позже. Debt неисчисляемое, без артикля. B в debt не читается.	technical — технический · debt — долг
collocation	a minimum viable product	минимально жизнеспособный продукт	The minimum viable product ships without reports.	Минимально жизнеспособный продукт выходит без отчётов.	analysis	agile	viable от латинского «жить»: не «урезанный», а «уже работающий». Сокращают до MVP и произносят по буквам.	minimum — минимальный · viable — жизнеспособный · product — продукт
collocation	a proof of concept	подтверждение концепции	The proof of concept took three weeks.	Подтверждение концепции заняло три недели.	analysis	agile	Проверка «а вообще возможно ли» — не продукт и не MVP. Сокращают до PoC. Proof от prove, но пишется через oo.	proof — доказательство · of concept — концепции
collocation	a dependency	зависимость	This dependency blocks two other teams.	Эта зависимость блокирует две другие команды.	analysis	agile	То, без чего задача не стартует. Множественное — dependencies с заменой y на ie.	dependency — зависимость, от depend on
collocation	a workaround	обходное решение	We shipped a workaround, not a fix.	Мы выкатили обходное решение, а не исправление.	analysis	agile	Обойти проблему, не решая: работает вокруг препятствия. Пишется одним словом. Временная мера по определению.	work — работать · around — вокруг, в обход
collocation	a root cause	коренная причина	The root cause was a timezone conversion.	Коренной причиной было преобразование часового пояса.	analysis	analysis	Не первая найденная причина, а та, устранение которой закрывает проблему навсегда. Метафора корня, а не ствола.	root — корень · cause — причина
collocation	root cause analysis	анализ коренных причин	Root cause analysis found a config error.	Анализ коренных причин нашёл ошибку конфигурации.	analysis	analysis	Метод поиска, а не результат. Без артикля. Сокращают до RCA. Классический приём внутри — «пять почему».	root cause — коренная причина · analysis — анализ
collocation	a data flow diagram	диаграмма потоков данных	The data flow diagram shows three systems.	Диаграмма потоков данных показывает три системы.	analysis	analysis	Три существительных подряд, читается справа налево. Data формально множественное, но в IT давно единственное.	data — данные · flow — поток · diagram — диаграмма
collocation	an entity relationship diagram	диаграмма сущностей и связей	Draw an entity relationship diagram first.	Сначала нарисуй диаграмму сущностей и связей.	analysis	analysis	Артикль an — перед гласным звуком. Сокращают до ERD. Показывает сущности и связи, не процессы.	entity — сущность · relationship — связь · diagram — диаграмма
collocation	a sequence diagram	диаграмма последовательности	The sequence diagram clarified the retry logic.	Диаграмма последовательности прояснила логику повторов.	analysis	analysis	Кто кому и в каком порядке посылает сообщения. Sequence читается [ˈsiːkwəns] — не «секвенция».	sequence — последовательность · diagram — диаграмма
collocation	a state machine	конечный автомат	The order status is a state machine.	Статус заказа это конечный автомат.	analysis	analysis	Набор состояний и переходов между ними. По-русски «конечный автомат» — слово «конечный» в английском варианте опущено.	state — состояние · machine — машина, автомат
collocation	a business process model	модель бизнес-процесса	The business process model has two swimlanes.	Модель бизнес-процесса имеет две дорожки.	analysis	analysis	Business process — устойчивая пара, работает как одно существительное. Отсюда BPMN — язык таких моделей.	business process — бизнес-процесс · model — модель
collocation	a decision table	таблица решений	A decision table beats nested conditions here.	Таблица решений тут лучше вложенных условий.	analysis	analysis	Все комбинации условий и результат для каждой. Способ не забыть краевые случаи.	decision — решение · table — таблица
collocation	a source of truth	источник истины	The ledger is the source of truth for balances.	Реестр это источник истины для остатков.	analysis	analysis	Место, где значение хранится в единственном экземпляре. Полная форма — single source of truth, сокращают до SSOT.	source — источник · of truth — истины
collocation	a mapping between	соответствие между	We need a mapping between the two schemas.	Нам нужно соответствие между двумя схемами.	analysis	analysis	mapping от map «отображать одно на другое», не «карта». Between требует двух сторон.	mapping — соответствие, отображение · between — между
collocation	a data dictionary	словарь данных	The data dictionary defines every field.	Словарь данных определяет каждое поле.	analysis	analysis	Описание каждого поля: тип, границы, смысл. Не глоссарий: глоссарий про термины бизнеса, словарь — про данные.	data — данные · dictionary — словарь
collocation	a glossary term	термин глоссария	Add settlement as a glossary term.	Добавь расчёт как термин глоссария.	analysis	analysis	Термин предметной области с одним согласованным значением. Глоссарий существует, чтобы «клиент» значил одно и то же у всех.	glossary — глоссарий · term — термин
collocation	a business case	обоснование	The business case did not survive review.	Обоснование не пережило рассмотрение.	analysis	analysis	Здесь case не «случай», а «доводы в пользу»: зачем это делать и что это принесёт. То же case, что в make a case for.	business — бизнес · case — обоснование
collocation	a feasibility study	технико-экономическое обоснование	The feasibility study recommended buying.	Обоснование рекомендовало покупать, а не строить.	analysis	analysis	Можно ли это сделать за разумные деньги и время. Feasible — «выполнимый», не «правдоподобный».	feasibility — осуществимость, от feasible · study — исследование
collocation	elicit through interviews	выявлять через интервью	We elicit needs through interviews and observation.	Мы выявляем потребности через интервью и наблюдение.	analysis	babok	Предлог through для метода: через что именно вытягивают. Interviews во множественном — их всегда несколько.	elicit — выявлять · through — через · interviews — интервью
collocation	walk through a scenario	пройти по сценарию	Let us walk through the refund scenario.	Давайте пройдём по сценарию возврата.	analysis	analysis	Тот же walk through, что и в let me walk you through it. Существительное — a walkthrough, одним словом.	walk through — пройти по шагам · a scenario — сценарий
collocation	sign off on requirements	утвердить требования	The sponsor will sign off on requirements Friday.	Спонсор утвердит требования в пятницу.	analysis	analysis	Тот же sign off, но с предлогом on перед объектом. Финальное утверждение, после которого нужен change request.	sign off — утвердить · on — что именно · requirements — требования
